archivo,ruta,frecuencia_Hz,modelo,tau1_us,error_tau1_us,tau2_us,error_tau2_us,imagen,rmse_mV,tau_us,error_tau_us
444Hz___100KSs(1).txt,"E:\Fisica2026\Exp-Electromagneticos\Experimento V, Cajita Feliz\Codigo\OndaCuadrada\444Hz___100KSs(1).txt",444.0,doble exponencial,63.45875272414725,0.5513578047391653,565.9905029997888,19.69835375375895,"E:\Fisica2026\Exp-Electromagneticos\Experimento V, Cajita Feliz\Codigo\ImagenesPresentaciónOndasCuadradas\444Hz___100KSs(1)_presentacion.png",68.89862556545278,,
444Hz___100KSs(2).txt,"E:\Fisica2026\Exp-Electromagneticos\Experimento V, Cajita Feliz\Codigo\OndaCuadrada\444Hz___100KSs(2).txt",444.0,doble exponencial,64.63339087900388,0.5954983293741446,589.5934471672805,23.066293277987498,"E:\Fisica2026\Exp-Electromagneticos\Experimento V, Cajita Feliz\Codigo\ImagenesPresentaciónOndasCuadradas\444Hz___100KSs(2)_presentacion.png",72.7564969772407,,
444Hz___100KSs(3).txt,"E:\Fisica2026\Exp-Electromagneticos\Experimento V, Cajita Feliz\Codigo\OndaCuadrada\444Hz___100KSs(3).txt",444.0,doble exponencial,65.16422675267832,0.57599037884151,611.0394997993633,24.341972950437892,"E:\Fisica2026\Exp-Electromagneticos\Experimento V, Cajita Feliz\Codigo\ImagenesPresentaciónOndasCuadradas\444Hz___100KSs(3)_presentacion.png",70.67629623548783,,
1_132kHz___500KSs(1).txt,"E:\Fisica2026\Exp-Electromagneticos\Experimento V, Cajita Feliz\Codigo\OndaCuadrada\1_132kHz___500KSs(1).txt",1132.0,exponencial simple,,,,,"E:\Fisica2026\Exp-Electromagneticos\Experimento V, Cajita Feliz\Codigo\ImagenesPresentaciónOndasCuadradas\1_132kHz___500KSs(1)_presentacion.png",115.90235890266129,78.69983342032629,0.3474097823110443
1_132kHz___500KSs(2).txt,"E:\Fisica2026\Exp-Electromagneticos\Experimento V, Cajita Feliz\Codigo\OndaCuadrada\1_132kHz___500KSs(2).txt",1132.0,exponencial simple,,,,,"E:\Fisica2026\Exp-Electromagneticos\Experimento V, Cajita Feliz\Codigo\ImagenesPresentaciónOndasCuadradas\1_132kHz___500KSs(2)_presentacion.png",113.52539544050836,78.33507305256792,0.34060615784455794
1_132kHz___500KSs(3).txt,"E:\Fisica2026\Exp-Electromagneticos\Experimento V, Cajita Feliz\Codigo\OndaCuadrada\1_132kHz___500KSs(3).txt",1132.0,exponencial simple,,,,,"E:\Fisica2026\Exp-Electromagneticos\Experimento V, Cajita Feliz\Codigo\ImagenesPresentaciónOndasCuadradas\1_132kHz___500KSs(3)_presentacion.png",115.58874814612838,78.7288343232732,0.3497671263915891
3_170kHz___1MSs(1).txt,"E:\Fisica2026\Exp-Electromagneticos\Experimento V, Cajita Feliz\Codigo\OndaCuadrada\3_170kHz___1MSs(1).txt",3170.0,exponencial simple,,,,,"E:\Fisica2026\Exp-Electromagneticos\Experimento V, Cajita Feliz\Codigo\ImagenesPresentaciónOndasCuadradas\3_170kHz___1MSs(1)_presentacion.png",104.17709642031221,68.60004988024664,0.4726968783325145
3_170kHz___1MSs(2).txt,"E:\Fisica2026\Exp-Electromagneticos\Experimento V, Cajita Feliz\Codigo\OndaCuadrada\3_170kHz___1MSs(2).txt",3170.0,exponencial simple,,,,,"E:\Fisica2026\Exp-Electromagneticos\Experimento V, Cajita Feliz\Codigo\ImagenesPresentaciónOndasCuadradas\3_170kHz___1MSs(2)_presentacion.png",94.39211457524976,67.43725782456409,0.4132955143326794
3_170kHz___1MSs(3).txt,"E:\Fisica2026\Exp-Electromagneticos\Experimento V, Cajita Feliz\Codigo\OndaCuadrada\3_170kHz___1MSs(3).txt",3170.0,exponencial simple,,,,,"E:\Fisica2026\Exp-Electromagneticos\Experimento V, Cajita Feliz\Codigo\ImagenesPresentaciónOndasCuadradas\3_170kHz___1MSs(3)_presentacion.png",158.9533527862943,69.33671862341288,0.7359061425543848
6_703kHz___2_5MSs(1).txt,"E:\Fisica2026\Exp-Electromagneticos\Experimento V, Cajita Feliz\Codigo\OndaCuadrada\6_703kHz___2_5MSs(1).txt",6703.0,exponencial simple,,,,,"E:\Fisica2026\Exp-Electromagneticos\Experimento V, Cajita Feliz\Codigo\ImagenesPresentaciónOndasCuadradas\6_703kHz___2_5MSs(1)_presentacion.png",135.38593098466882,74.40562288781972,2.4314961218919446
6_703kHz___2_5MSs(2).txt,"E:\Fisica2026\Exp-Electromagneticos\Experimento V, Cajita Feliz\Codigo\OndaCuadrada\6_703kHz___2_5MSs(2).txt",6703.0,exponencial simple,,,,,"E:\Fisica2026\Exp-Electromagneticos\Experimento V, Cajita Feliz\Codigo\ImagenesPresentaciónOndasCuadradas\6_703kHz___2_5MSs(2)_presentacion.png",303.690795361111,84.7179982241673,7.052430593361634
6_703kHz___2_5MSs(3).txt,"E:\Fisica2026\Exp-Electromagneticos\Experimento V, Cajita Feliz\Codigo\OndaCuadrada\6_703kHz___2_5MSs(3).txt",6703.0,exponencial simple,,,,,"E:\Fisica2026\Exp-Electromagneticos\Experimento V, Cajita Feliz\Codigo\ImagenesPresentaciónOndasCuadradas\6_703kHz___2_5MSs(3)_presentacion.png",70.78777876719418,72.4582504469631,1.2002012155822464
12Hz___2_5KSs(1).txt,"E:\Fisica2026\Exp-Electromagneticos\Experimento V, Cajita Feliz\Codigo\OndaCuadrada\12Hz___2_5KSs(1).txt",12.0,exponencial simple,,,,,"E:\Fisica2026\Exp-Electromagneticos\Experimento V, Cajita Feliz\Codigo\ImagenesPresentaciónOndasCuadradas\12Hz___2_5KSs(1)_presentacion.png",268.0752433563522,3010.384312860774,59.03080271734026
12Hz___2_5KSs(2).txt,"E:\Fisica2026\Exp-Electromagneticos\Experimento V, Cajita Feliz\Codigo\OndaCuadrada\12Hz___2_5KSs(2).txt",12.0,exponencial simple,,,,,"E:\Fisica2026\Exp-Electromagneticos\Experimento V, Cajita Feliz\Codigo\ImagenesPresentaciónOndasCuadradas\12Hz___2_5KSs(2)_presentacion.png",203.80504571435063,3042.940127327025,44.23674688319383
12Hz___2_5KSs(3).txt,"E:\Fisica2026\Exp-Electromagneticos\Experimento V, Cajita Feliz\Codigo\OndaCuadrada\12Hz___2_5KSs(3).txt",12.0,exponencial simple,,,,,"E:\Fisica2026\Exp-Electromagneticos\Experimento V, Cajita Feliz\Codigo\ImagenesPresentaciónOndasCuadradas\12Hz___2_5KSs(3)_presentacion.png",203.80504571435063,3042.940127327025,44.23674688319383
13_700kHz___5MSs(1).txt,"E:\Fisica2026\Exp-Electromagneticos\Experimento V, Cajita Feliz\Codigo\OndaCuadrada\13_700kHz___5MSs(1).txt",13700.0,exponencial simple,,,,,"E:\Fisica2026\Exp-Electromagneticos\Experimento V, Cajita Feliz\Codigo\ImagenesPresentaciónOndasCuadradas\13_700kHz___5MSs(1)_presentacion.png",80.20867060757067,311.0150408202919,86.87497924574521
13_700kHz___5MSs(2).txt,"E:\Fisica2026\Exp-Electromagneticos\Experimento V, Cajita Feliz\Codigo\OndaCuadrada\13_700kHz___5MSs(2).txt",13700.0,exponencial simple,,,,,"E:\Fisica2026\Exp-Electromagneticos\Experimento V, Cajita Feliz\Codigo\ImagenesPresentaciónOndasCuadradas\13_700kHz___5MSs(2)_presentacion.png",304.513336205012,9999.999765558094,346990.8285303172
13_700kHz___5MSs(3).txt,"E:\Fisica2026\Exp-Electromagneticos\Experimento V, Cajita Feliz\Codigo\OndaCuadrada\13_700kHz___5MSs(3).txt",13700.0,exponencial simple,,,,,"E:\Fisica2026\Exp-Electromagneticos\Experimento V, Cajita Feliz\Codigo\ImagenesPresentaciónOndasCuadradas\13_700kHz___5MSs(3)_presentacion.png",82.54283072945464,181.1549964271914,30.092779703849228
25Hz___5KSs(1).txt,"E:\Fisica2026\Exp-Electromagneticos\Experimento V, Cajita Feliz\Codigo\OndaCuadrada\25Hz___5KSs(1).txt",25.0,exponencial simple,,,,,"E:\Fisica2026\Exp-Electromagneticos\Experimento V, Cajita Feliz\Codigo\ImagenesPresentaciónOndasCuadradas\25Hz___5KSs(1)_presentacion.png",379.69433047248833,2616.6216253434513,54.245537644301976
25Hz___5KSs(2).txt,"E:\Fisica2026\Exp-Electromagneticos\Experimento V, Cajita Feliz\Codigo\OndaCuadrada\25Hz___5KSs(2).txt",25.0,exponencial simple,,,,,"E:\Fisica2026\Exp-Electromagneticos\Experimento V, Cajita Feliz\Codigo\ImagenesPresentaciónOndasCuadradas\25Hz___5KSs(2)_presentacion.png",399.3929764036804,2587.0754671949203,55.76627180364678
25Hz___5KSs(3).txt,"E:\Fisica2026\Exp-Electromagneticos\Experimento V, Cajita Feliz\Codigo\OndaCuadrada\25Hz___5KSs(3).txt",25.0,exponencial simple,,,,,"E:\Fisica2026\Exp-Electromagneticos\Experimento V, Cajita Feliz\Codigo\ImagenesPresentaciónOndasCuadradas\25Hz___5KSs(3)_presentacion.png",333.3841402184411,2782.8046712493206,52.40406972549461
95Hz___25KSs(1).txt,"E:\Fisica2026\Exp-Electromagneticos\Experimento V, Cajita Feliz\Codigo\OndaCuadrada\95Hz___25KSs(1).txt",95.0,doble exponencial,85.72740276564953,1.0002080564596718,1975.705362182663,31.045560514489665,"E:\Fisica2026\Exp-Electromagneticos\Experimento V, Cajita Feliz\Codigo\ImagenesPresentaciónOndasCuadradas\95Hz___25KSs(1)_presentacion.png",94.43214244863375,,
95Hz___25KSs(2).txt,"E:\Fisica2026\Exp-Electromagneticos\Experimento V, Cajita Feliz\Codigo\OndaCuadrada\95Hz___25KSs(2).txt",95.0,doble exponencial,84.46556318754686,0.9659952973482584,1912.8752788226445,30.8952581837321,"E:\Fisica2026\Exp-Electromagneticos\Experimento V, Cajita Feliz\Codigo\ImagenesPresentaciónOndasCuadradas\95Hz___25KSs(2)_presentacion.png",99.81185264321017,,
95Hz___25KSs(3).txt,"E:\Fisica2026\Exp-Electromagneticos\Experimento V, Cajita Feliz\Codigo\OndaCuadrada\95Hz___25KSs(3).txt",95.0,doble exponencial,85.99820776908733,0.9900493427410313,1950.0320453489217,30.606886375335908,"E:\Fisica2026\Exp-Electromagneticos\Experimento V, Cajita Feliz\Codigo\ImagenesPresentaciónOndasCuadradas\95Hz___25KSs(3)_presentacion.png",95.55059385793697,,
143Hz___50KSs(1).txt,"E:\Fisica2026\Exp-Electromagneticos\Experimento V, Cajita Feliz\Codigo\OndaCuadrada\143Hz___50KSs(1).txt",143.0,doble exponencial,74.00988765410955,0.6968766306176704,1213.0523168330699,19.07356203185702,"E:\Fisica2026\Exp-Electromagneticos\Experimento V, Cajita Feliz\Codigo\ImagenesPresentaciónOndasCuadradas\143Hz___50KSs(1)_presentacion.png",82.31819803572955,,
143Hz___50KSs(2).txt,"E:\Fisica2026\Exp-Electromagneticos\Experimento V, Cajita Feliz\Codigo\OndaCuadrada\143Hz___50KSs(2).txt",143.0,doble exponencial,75.21687516127689,0.7994357888227422,1234.9042004482988,21.540221083801857,"E:\Fisica2026\Exp-Electromagneticos\Experimento V, Cajita Feliz\Codigo\ImagenesPresentaciónOndasCuadradas\143Hz___50KSs(2)_presentacion.png",89.45572596179953,,
143Hz___50KSs(3).txt,"E:\Fisica2026\Exp-Electromagneticos\Experimento V, Cajita Feliz\Codigo\OndaCuadrada\143Hz___50KSs(3).txt",143.0,doble exponencial,74.05307027509888,0.6927326989984308,1206.6898388658558,18.58149430885025,"E:\Fisica2026\Exp-Electromagneticos\Experimento V, Cajita Feliz\Codigo\ImagenesPresentaciónOndasCuadradas\143Hz___50KSs(3)_presentacion.png",81.3485810898725,,
